scope,seed,completed_seeds,unique_test_questions,initially_correct_unique,accuracy_difference_pp,accuracy_ci_low_pp,accuracy_ci_high_pp,flip_rate_difference_pp,flip_ci_low_pp,flip_ci_high_pp,bootstrap_resamples
all_topics,all,42,640,194,0.15625,-0.78125,1.09375,-1.5463917525773196,-3.9408866995073892,0.5319148936170213,2000
all_topics,42,42,640,194,0.15625,-0.78125,1.09375,-1.5463917525773196,-3.94123458851688,0.5208333333333334,2000
algebra,all,42,160,83,0.0,-2.5,2.5,-2.4096385542168677,-6.412337662337663,0.0,2000
algebra,42,42,160,83,0.0,-2.5,2.5,-2.4096385542168677,-6.172839506172839,0.0,2000
geometry,all,42,160,34,0.625,0.0,1.875,-2.9411764705882355,-9.375,0.0,2000
geometry,42,42,160,34,0.625,0.0,1.875,-2.9411764705882355,-10.0,0.0,2000
number_theory,all,42,160,35,0.625,0.0,1.875,0.0,0.0,0.0,2000
number_theory,42,42,160,35,0.625,0.0,1.875,0.0,0.0,0.0,2000
counting_and_probability,all,42,160,42,-0.625,-3.125,1.25,0.0,-6.521739130434782,6.976744186046512,2000
counting_and_probability,42,42,160,42,-0.625,-2.5,1.25,0.0,-6.898556535685645,6.521739130434782,2000
