step,algebra,geometry,number_theory,counting_and_probability
1,0.0,0.0,0.0,0.0
2,0.0,0.0,0.0,0.0
3,0.0,0.0,0.0,0.0
4,0.0,0.0,0.0,0.0
5,0.0,0.0,0.0,0.0
6,0.0,0.0,0.0,0.0
7,0.0,0.0,0.0,0.0
8,0.0,0.0,0.0,0.0
9,0.0,0.0,0.0,0.0
10,0.0,0.0,0.0,0.0
11,0.0,0.0,0.0,0.0
12,0.0,0.0,0.0,0.0
13,0.0,0.0,0.0,0.0
14,0.0,0.0,0.0,0.0
15,0.0,0.0,0.0,0.0
16,0.0,0.0,0.0,0.0
17,0.0,0.0,0.0,0.0
18,0.0,0.0,0.0,0.0
19,0.0,0.0,0.0,0.0
20,0.0,0.0,0.0,0.0
21,0.0,0.0,0.0,0.0
22,0.0,0.0,0.0,0.0
23,0.0,0.0,0.0,0.0
24,0.0,0.0,0.0,0.0
25,0.0,0.0,0.0,0.0
26,0.0,0.0,0.0,0.0
27,0.0,0.0,0.0,0.0
28,0.0,0.0,0.0,0.0
29,0.0,0.0,0.0,0.0
30,0.0,0.0,0.0,0.0
31,0.0,0.0,0.0,0.0
32,0.0,0.0,0.007499999999999998,0.007499999999999998
33,0.0,0.0,0.007499999999999998,0.007499999999999998
34,0.0,0.0,0.007499999999999998,0.007499999999999998
35,0.0,0.0,0.007499999999999998,0.007499999999999998
36,0.0,0.0,0.007499999999999998,0.007499999999999998
37,0.0,0.0,0.007499999999999998,0.007499999999999998
38,0.0,0.0,0.007499999999999998,0.007499999999999998
39,0.0,0.0,0.007499999999999998,0.007499999999999998
40,0.0,0.0,0.007499999999999998,0.007499999999999998
41,0.0,0.0,0.007499999999999998,0.007499999999999998
42,0.0,0.0,0.007499999999999998,0.007499999999999998
43,0.0,0.0,0.007499999999999998,0.007499999999999998
44,0.0,0.0,0.007499999999999998,0.007499999999999998
45,0.0,0.0,0.007499999999999998,0.007499999999999998
46,0.0,0.0,0.007499999999999998,0.007499999999999998
47,0.0,0.0,0.007499999999999998,0.007499999999999998
48,0.0,0.0,0.007499999999999998,0.007499999999999998
49,0.0,0.0,0.007499999999999998,0.007499999999999998
50,0.0,0.0,0.007499999999999998,0.007499999999999998
51,0.0,0.0,0.007499999999999998,0.007499999999999998
52,0.0,0.0,0.007499999999999998,0.007499999999999998
53,0.0,0.0,0.007499999999999998,0.007499999999999998
54,0.0,0.0,0.007499999999999998,0.007499999999999998
55,0.0,0.0,0.007499999999999998,0.007499999999999998
56,0.0,0.0,0.007499999999999998,0.007499999999999998
57,0.0,0.0,0.007499999999999998,0.007499999999999998
58,0.0,0.0,0.007499999999999998,0.007499999999999998
59,0.0,0.0,0.007499999999999998,0.007499999999999998
60,0.0,0.0,0.007499999999999998,0.007499999999999998
61,0.0,0.0,0.007499999999999998,0.007499999999999998
62,0.0,0.0,0.007499999999999998,0.007499999999999998
63,0.0,0.0,0.007499999999999998,0.007499999999999998
64,0.007499999999999998,0.0,0.0,0.0
65,0.007499999999999998,0.0,0.0,0.0
66,0.007499999999999998,0.0,0.0,0.0
67,0.007499999999999998,0.0,0.0,0.0
68,0.007499999999999998,0.0,0.0,0.0
69,0.007499999999999998,0.0,0.0,0.0
70,0.007499999999999998,0.0,0.0,0.0
71,0.007499999999999998,0.0,0.0,0.0
72,0.007499999999999998,0.0,0.0,0.0
73,0.007499999999999998,0.0,0.0,0.0
74,0.007499999999999998,0.0,0.0,0.0
75,0.007499999999999998,0.0,0.0,0.0
76,0.007499999999999998,0.0,0.0,0.0
77,0.007499999999999998,0.0,0.0,0.0
78,0.007499999999999998,0.0,0.0,0.0
79,0.007499999999999998,0.0,0.0,0.0
80,0.007499999999999998,0.0,0.0,0.0
81,0.007499999999999998,0.0,0.0,0.0
82,0.007499999999999998,0.0,0.0,0.0
83,0.007499999999999998,0.0,0.0,0.0
84,0.007499999999999998,0.0,0.0,0.0
85,0.007499999999999998,0.0,0.0,0.0
86,0.007499999999999998,0.0,0.0,0.0
87,0.007499999999999998,0.0,0.0,0.0
88,0.007499999999999998,0.0,0.0,0.0
89,0.007499999999999998,0.0,0.0,0.0
90,0.007499999999999998,0.0,0.0,0.0
91,0.007499999999999998,0.0,0.0,0.0
92,0.007499999999999998,0.0,0.0,0.0
93,0.007499999999999998,0.0,0.0,0.0
94,0.007499999999999998,0.0,0.0,0.0
95,0.007499999999999998,0.0,0.0,0.0
96,0.014999999999999996,0.0,0.007499999999999998,0.007499999999999998
97,0.014999999999999996,0.0,0.007499999999999998,0.007499999999999998
98,0.014999999999999996,0.0,0.007499999999999998,0.007499999999999998
99,0.014999999999999996,0.0,0.007499999999999998,0.007499999999999998
100,0.014999999999999996,0.0,0.007499999999999998,0.007499999999999998
101,0.014999999999999996,0.0,0.007499999999999998,0.007499999999999998
102,0.014999999999999996,0.0,0.007499999999999998,0.007499999999999998
103,0.014999999999999996,0.0,0.007499999999999998,0.007499999999999998
104,0.014999999999999996,0.0,0.007499999999999998,0.007499999999999998
105,0.014999999999999996,0.0,0.007499999999999998,0.007499999999999998
106,0.014999999999999996,0.0,0.007499999999999998,0.007499999999999998
107,0.014999999999999996,0.0,0.007499999999999998,0.007499999999999998
108,0.014999999999999996,0.0,0.007499999999999998,0.007499999999999998
109,0.014999999999999996,0.0,0.007499999999999998,0.007499999999999998
110,0.014999999999999996,0.0,0.007499999999999998,0.007499999999999998
111,0.014999999999999996,0.0,0.007499999999999998,0.007499999999999998
112,0.014999999999999996,0.0,0.007499999999999998,0.007499999999999998
113,0.014999999999999996,0.0,0.007499999999999998,0.007499999999999998
114,0.014999999999999996,0.0,0.007499999999999998,0.007499999999999998
115,0.014999999999999996,0.0,0.007499999999999998,0.007499999999999998
116,0.014999999999999996,0.0,0.007499999999999998,0.007499999999999998
117,0.014999999999999996,0.0,0.007499999999999998,0.007499999999999998
118,0.014999999999999996,0.0,0.007499999999999998,0.007499999999999998
119,0.014999999999999996,0.0,0.007499999999999998,0.007499999999999998
120,0.014999999999999996,0.0,0.007499999999999998,0.007499999999999998
121,0.014999999999999996,0.0,0.007499999999999998,0.007499999999999998
122,0.014999999999999996,0.0,0.007499999999999998,0.007499999999999998
123,0.014999999999999996,0.0,0.007499999999999998,0.007499999999999998
124,0.014999999999999996,0.0,0.007499999999999998,0.007499999999999998
125,0.014999999999999996,0.0,0.007499999999999998,0.007499999999999998
126,0.014999999999999996,0.0,0.007499999999999998,0.007499999999999998
127,0.014999999999999996,0.0,0.007499999999999998,0.007499999999999998
128,0.0,0.007499999999999998,0.014999999999999996,0.014999999999999996
