seed,method,test_macro_accuracy,test_worst_topic_accuracy,validation_macro_accuracy,test_capped_rate,test_no_box_rate,validation_capped_rate,correct_to_wrong,initially_correct_test,correct_to_wrong_rate,correct_to_wrong_capped_either,paired_uncapped_test,initially_correct_paired_uncapped,correct_to_wrong_paired_uncapped,validation_correct_to_wrong_rate,wrong_to_correct,rollout_tokens,cokl_generated_tokens,retention_eval_tokens,cokl_reference_buffer_tokens,cokl_reference_preparation_seconds,mixed_group_rate,train_capped_rate,optimizer_updates,retention_checks,retention_flip_rate_train,retention_active_updates,train_seconds,test_algebra,validation_algebra,test_flip_rate_algebra,initially_correct_test_algebra,test_geometry,validation_geometry,test_flip_rate_geometry,initially_correct_test_geometry,test_number_theory,validation_number_theory,test_flip_rate_number_theory,initially_correct_test_number_theory,test_counting_and_probability,validation_counting_and_probability,test_flip_rate_counting_and_probability,initially_correct_test_counting_and_probability
42,initial,0.29375,0.15,0.32499999999999996,0.025,0.06875,0.0375,0,47,0.0,0,156,47,0,0.0,0,0,0,0,0,0,0.0,0.0,0,0,0.0,0,0,0.5,0.5,0.0,20,0.3,0.15,0.0,12,0.15,0.3,0.0,6,0.225,0.35,0.0,9
42,grpo,0.30625,0.2,0.3,0.0125,0.04375,0.0375,10,47,0.2127659574468085,1,155,46,9,0.23076923076923078,12,76852,0,0,0,0,0.453125,0.015625,58,0,0.0,0,4482.986695051193,0.5,0.45,0.1,20,0.275,0.1,0.3333333333333333,12,0.2,0.35,0.3333333333333333,6,0.25,0.3,0.2222222222222222,9
42,flip_constrained_grpo,0.3125,0.2,0.30000000000000004,0.0125,0.05,0.0625,7,47,0.14893617021276595,1,154,46,6,0.2692307692307692,10,79425,0,15746,0,0,0.421875,0.01953125,90,64,0.375,64,8719.566159009933,0.55,0.45,0.05,20,0.25,0.1,0.3333333333333333,12,0.2,0.3,0.16666666666666666,6,0.25,0.35,0.1111111111111111,9
43,initial,0.29375,0.15,0.32499999999999996,0.025,0.06875,0.0375,0,47,0.0,0,156,47,0,0.0,0,0,0,0,0,0,0.0,0.0,0,0,0.0,0,0,0.5,0.5,0.0,20,0.3,0.15,0.0,12,0.15,0.3,0.0,6,0.225,0.35,0.0,9
43,grpo,0.275,0.15,0.2875,0.0125,0.0375,0.0875,8,47,0.1702127659574468,0,155,47,8,0.2692307692307692,5,77686,0,0,0,0,0.34375,0.0078125,44,0,0.0,0,4486.428696870804,0.525,0.45,0.05,20,0.225,0.05,0.4166666666666667,12,0.15,0.3,0.16666666666666666,6,0.2,0.35,0.1111111111111111,9
43,flip_constrained_grpo,0.28125,0.125,0.35000000000000003,0.03125,0.05625,0.0125,10,47,0.2127659574468085,1,154,46,9,0.15384615384615385,8,76818,0,16215,0,0,0.359375,0.0078125,82,64,0.34375,64,5124.179307937622,0.45,0.55,0.1,20,0.25,0.05,0.4166666666666667,12,0.125,0.35,0.5,6,0.3,0.45,0.0,9
44,initial,0.29375,0.15,0.32499999999999996,0.025,0.06875,0.0375,0,47,0.0,0,156,47,0,0.0,0,0,0,0,0,0,0.0,0.0,0,0,0.0,0,0,0.5,0.5,0.0,20,0.3,0.15,0.0,12,0.15,0.3,0.0,6,0.225,0.35,0.0,9
44,grpo,0.28125,0.125,0.3,0.0125,0.05625,0.0375,11,47,0.23404255319148937,0,155,47,11,0.19230769230769232,9,77033,0,0,0,0,0.34375,0.0078125,44,0,0.0,0,4621.188391923904,0.5,0.5,0.1,20,0.2,0.15,0.4166666666666667,12,0.125,0.25,0.5,6,0.3,0.3,0.1111111111111111,9
44,flip_constrained_grpo,0.3125,0.125,0.30000000000000004,0.00625,0.03125,0.05,9,47,0.19148936170212766,0,155,47,9,0.19230769230769232,12,77516,0,15855,0,0,0.3125,0.0078125,90,64,0.34375,64,10433.301124572754,0.5,0.55,0.05,20,0.3,0.05,0.4166666666666667,12,0.125,0.3,0.5,6,0.325,0.3,0.0,9
